{
  "Ansi 5 Color" : {
    "Red Component" : 0.86248552799224854,
    "Color Space" : "sRGB",
    "Blue Component" : 0.58116966485977173,
    "Alpha Component" : 1,
    "Green Component" : 0.33039888739585876
  },
  "Tags" : [

  ],
  "Ansi 12 Color" : {
    "Red Component" : 0.14904496073722839,
    "Color Space" : "sRGB",
    "Blue Component" : 0.82352304458618164,
    "Alpha Component" : 1,
    "Green Component" : 0.54508775472640991
  },
  "Use Non-ASCII Font" : false,
  "Right Option Key Sends" : 0,
  "Bold Color" : {
    "Red Component" : 0.34510159492492676,
    "Color Space" : "sRGB",
    "Blue Component" : 0.45881998538970947,
    "Alpha Component" : 1,
    "Green Component" : 0.43136399984359741
  },
  "Normal Font" : "MesloLGS-NF-Regular 14",
  "Ansi 6 Color" : {
    "Red Component" : 0.23076710104942322,
    "Color Space" : "sRGB",
    "Blue Component" : 0.66110605001449585,
    "Alpha Component" : 1,
    "Green Component" : 0.68591135740280151
  },
  "Link Color" : {
    "Red Component" : 0,
    "Color Space" : "sRGB",
    "Blue Component" : 0.73422712087631226,
    "Alpha Component" : 1,
    "Green Component" : 0.35915297269821167
  },
  "Rows" : 36,
  "Default Bookmark" : "No",
  "Guid" : "CA6CE784-90EB-4B6A-A5C6-DDB554D59046",
  "AWDS Tab Option" : "No",
  "Cursor Guide Color" : {
    "Red Component" : 0.70214027166366577,
    "Color Space" : "sRGB",
    "Blue Component" : 1,
    "Alpha Component" : 0.25,
    "Green Component" : 0.92681378126144409
  },
  "Non-ASCII Anti Aliased" : true,
  "Use Bright Bold" : true,
  "Ansi 10 Color" : {
    "Red Component" : 0.39215686917304993,
    "Color Space" : "sRGB",
    "Blue Component" : 1.0484983249625657e-05,
    "Alpha Component" : 1,
    "Green Component" : 0.59998893737792969
  },
  "Ambiguous Double Width" : false,
  "AWDS Pane Option" : "Recycle",
  "Jobs to Ignore" : [
    "rlogin",
    "ssh",
    "slogin",
    "telnet"
  ],
  "Ansi 15 Color" : {
    "Red Component" : 0.82745414972305298,
    "Color Space" : "sRGB",
    "Blue Component" : 0.78822988271713257,
    "Alpha Component" : 1,
    "Green Component" : 0.81567031145095825
  },
  "Foreground Color" : {
    "Red Component" : 0.51372909545898438,
    "Color Space" : "sRGB",
    "Blue Component" : 0.58823114633560181,
    "Alpha Component" : 1,
    "Green Component" : 0.58038091659545898
  },
  "Working Directory" : "\/Users\/harlus",
  "Blinking Cursor" : true,
  "AWDS Window Option" : "No",
  "Sync Title" : false,
  "Prompt Before Closing 2" : false,
  "BM Growl" : false,
  "Command" : "",
  "Description" : "Default",
  "AWDS Pane Directory" : "",
  "Mouse Reporting" : true,
  "Screen" : -1,
  "Selection Color" : {
    "Red Component" : 0.4235328733921051,
    "Color Space" : "sRGB",
    "Blue Component" : 0.76862144470214844,
    "Alpha Component" : 1,
    "Green Component" : 0.44312736392021179
  },
  "Initial Use Transparency" : false,
  "AWDS Window Directory" : "",
  "Columns" : 128,
  "Idle Code" : 0,
  "Disable Window Resizing" : true,
  "Space" : 0,
  "Ansi 13 Color" : {
    "Red Component" : 0.82744783163070679,
    "Color Space" : "sRGB",
    "Blue Component" : 0.50980019569396973,
    "Alpha Component" : 1,
    "Green Component" : 0.21174716949462891
  },
  "Custom Command" : "No",
  "ASCII Anti Aliased" : true,
  "Non Ascii Font" : "Monaco 12",
  "Vertical Spacing" : 1,
  "Use Bold Font" : true,
  "Option Key Sends" : 0,
  "Selected Text Color" : {
    "Red Component" : 0.1450989842414856,
    "Color Space" : "sRGB",
    "Blue Component" : 0.16470438241958618,
    "Alpha Component" : 1,
    "Green Component" : 0.15293732285499573
  },
  "Background Color" : {
    "Red Component" : 0.039215687662363052,
    "Color Space" : "sRGB",
    "Blue Component" : 0.039215687662363052,
    "Alpha Component" : 1,
    "Green Component" : 0.039215687662363052
  },
  "Character Encoding" : 4,
  "Ansi 11 Color" : {
    "Red Component" : 0.70980364084243774,
    "Color Space" : "sRGB",
    "Blue Component" : 1.0725637366704177e-05,
    "Alpha Component" : 1,
    "Green Component" : 0.53724312782287598
  },
  "Use Italic Font" : true,
  "Unlimited Scrollback" : false,
  "Keyboard Map" : {
    "0xf728-0x80000" : {
      "Text" : "d",
      "Action" : 10
    },
    "0xf702-0x280000" : {
      "Text" : "b",
      "Action" : 10
    },
    "0xf70d-0x20000" : {
      "Text" : "[21;2~",
      "Action" : 10
    },
    "0x7f-0x80000" : {
      "Text" : "0x1b 0x7f",
      "Action" : 11
    },
    "0xf708-0x20000" : {
      "Text" : "[15;2~",
      "Action" : 10
    },
    "0x33-0x40000" : {
      "Text" : "0x1b",
      "Action" : 11
    },
    "0xf703-0x260000" : {
      "Text" : "[1;6C",
      "Action" : 10
    },
    "0xf729-0x20000" : {
      "Text" : "[1;2H",
      "Action" : 10
    },
    "0xf702-0x260000" : {
      "Text" : "[1;6D",
      "Action" : 10
    },
    "0x38-0x40000" : {
      "Text" : "0x7f",
      "Action" : 11
    },
    "0xf72b-0x40000" : {
      "Text" : "[1;5F",
      "Action" : 10
    },
    "0xf70c-0x20000" : {
      "Text" : "[20;2~",
      "Action" : 10
    },
    "0xf701-0x260000" : {
      "Text" : "[1;6B",
      "Action" : 10
    },
    "0x32-0x40000" : {
      "Text" : "0x00",
      "Action" : 11
    },
    "0xf707-0x20000" : {
      "Text" : "[1;2S",
      "Action" : 10
    },
    "0xf703-0x240000" : {
      "Text" : "[1;5C",
      "Action" : 10
    },
    "0xf700-0x260000" : {
      "Text" : "[1;6A",
      "Action" : 10
    },
    "0xf702-0x240000" : {
      "Text" : "[1;5D",
      "Action" : 10
    },
    "0xf703-0x300000" : {
      "Text" : "0x5",
      "Action" : 11
    },
    "0x37-0x40000" : {
      "Text" : "0x1f",
      "Action" : 11
    },
    "0x3-0x200000" : {
      "Text" : "0xd",
      "Action" : 11
    },
    "0xf701-0x240000" : {
      "Text" : "[1;5B",
      "Action" : 10
    },
    "0xf702-0x300000" : {
      "Text" : "0x1",
      "Action" : 11
    },
    "0xf703-0x220000" : {
      "Text" : "[1;2C",
      "Action" : 10
    },
    "0xf739-0x0" : {
      "Text" : "",
      "Action" : 13
    },
    "0xf70b-0x20000" : {
      "Text" : "[19;2~",
      "Action" : 10
    },
    "0xf728-0x0" : {
      "Text" : "0x4",
      "Action" : 11
    },
    "0xf706-0x20000" : {
      "Text" : "[1;2R",
      "Action" : 10
    },
    "0xf700-0x240000" : {
      "Text" : "[1;5A",
      "Action" : 10
    },
    "0xf702-0x220000" : {
      "Text" : "[1;2D",
      "Action" : 10
    },
    "0x36-0x40000" : {
      "Text" : "0x1e",
      "Action" : 11
    },
    "0xf70f-0x20000" : {
      "Text" : "[24;2~",
      "Action" : 10
    },
    "0xf701-0x220000" : {
      "Text" : "[1;2B",
      "Action" : 10
    },
    "0xf70a-0x20000" : {
      "Text" : "[18;2~",
      "Action" : 10
    },
    "0xf729-0x40000" : {
      "Text" : "[1;5H",
      "Action" : 10
    },
    "0xf72b-0x20000" : {
      "Text" : "[1;2F",
      "Action" : 10
    },
    "0xf700-0x220000" : {
      "Text" : "[1;2A",
      "Action" : 10
    },
    "0x30-0x200000" : {
      "Text" : "0",
      "Action" : 12
    },
    "0xf705-0x20000" : {
      "Text" : "[1;2Q",
      "Action" : 10
    },
    "0x31-0x200000" : {
      "Text" : "1",
      "Action" : 12
    },
    "0x33-0x200000" : {
      "Text" : "3",
      "Action" : 12
    },
    "0x35-0x40000" : {
      "Text" : "0x1d",
      "Action" : 11
    },
    "0x34-0x200000" : {
      "Text" : "4",
      "Action" : 12
    },
    "0x32-0x200000" : {
      "Text" : "2",
      "Action" : 12
    },
    "0x35-0x200000" : {
      "Text" : "5",
      "Action" : 12
    },
    "0x36-0x200000" : {
      "Text" : "6",
      "Action" : 12
    },
    "0x37-0x200000" : {
      "Text" : "7",
      "Action" : 12
    },
    "0x2d-0x40000" : {
      "Text" : "0x1f",
      "Action" : 11
    },
    "0x38-0x200000" : {
      "Text" : "8",
      "Action" : 12
    },
    "0x2a-0x200000" : {
      "Text" : "*",
      "Action" : 12
    },
    "0x39-0x200000" : {
      "Text" : "9",
      "Action" : 12
    },